[
  {
    "name": "Paths To Lowlevel Strokes",
    "id": "fablabchemnitz.de.paths_to_lowlevel_strokes",
    "path": "paths_to_lowlevel_strokes",
    "dependent_extensions": null,
    "original_name": "Paths To Lowlevel Strokes",
    "original_id": "fablabchemnitz.de.paths_to_lowlevel_strokes",
    "license": "GNU GPL v3",
    "license_url": "https://gitea.fablabchemnitz.de/FabLab_Chemnitz/mightyscape-1.2/src/branch/master/LICENSE",
    "comment": "Created by Mario Voigt",
    "source_url": "https://gitea.fablabchemnitz.de/FabLab_Chemnitz/mightyscape-1.2/src/branch/master/extensions/fablabchemnitz/paths_to_strokes",
    "fork_url": null,
    "documentation_url": "https://y.stadtfabrikanten.org/paths-to-lowlevel-strokes",
    "inkscape_gallery_url": null,
    "contributors": [
      "github.com/eridur-de"
    ]
  }
]