[
  {
    "name": "Box Maker - <various>",
    "id": "fablabchemnitz.de.box_maker_tabbed.<various>",
    "path": "box_maker_tabbed",
    "dependent_extensions": null,
    "original_name": [
      "Schroff Box Maker",
      "CNC Tabbed Box Maker"
      ],
    "original_id": [
      "eu.twot.render.schroffboxmaker", 
      "nz.paulh-rnd.tabbedboxmaker"
      ],
    "license": "GNU GPL v2",
    "license_url": "https://github.com/paulh-rnd/TabbedBoxMaker/blob/master/LICENSE",
    "comment": "",
    "source_url": "https://gitea.fablabchemnitz.de/FabLab_Chemnitz/mightyscape-1.2/src/branch/master/extensions/fablabchemnitz/boxmaker_tabbed",
    "fork_url": "https://github.com/paulh-rnd/TabbedBoxMaker",
    "documentation_url": [
      "https://y.stadtfabrikanten.org/box-maker-schroff",
      "https://y.stadtfabrikanten.org/box-maker-tabbed"
        ],
    "inkscape_gallery_url": null,
    "contributors": [
      "github.com/paulh-rnd",
      "github.com/jimmc",
      "github.com/jsleeio",
      "github.com/paulpce",
      "github.com/eridur-de"
    ]
  }
]