[
  {
    "name": "Inventory Sticker",
    "id": "fablabchemnitz.de.inventory_sticker",
    "path": "inventory_sticker",
    "dependent_extensions": null,
    "original_name": "Inventory Sticker",
    "original_id": "fablabchemnitz.de.inventory_sticker",
    "license": "GNU GPL v3",
    "license_url": "https://gitea.fablabchemnitz.de/FabLab_Chemnitz/mightyscape-1.2/src/branch/master/LICENSE",
    "comment": "",
    "source_url": "https://gitea.fablabchemnitz.de/FabLab_Chemnitz/mightyscape-1.2/src/branch/master/extensions/fablabchemnitz/inventory_sticker",
    "fork_url": null,
    "documentation_url": "https://stadtfabrikanten.org/display/IFM/Inventory+Sticker",
    "inkscape_gallery_url": "https://inkscape.org/de/~MarioVoigt/%E2%98%85inventory-sticker",
    "contributors": [
      "github.com/eridur-de"
    ]
  }
]