[
  {
    "name": "Group To Layer",
    "id": "fablabchemnitz.de.group_to_layer",
    "path": "group_to_layer",
    "dependent_extensions": null,
    "original_name": "Group to Layer",
    "original_id": "org.pernsteiner.inkscape.group_to_layer",
    "license": "BSD-2-Clause License",
    "license_url": "http://www.pernsteiner.org/inkscape/group_to_layer/inkscape-group_to_layer-0.1.0.zip",
    "comment": "",
    "source_url": "https://gitea.fablabchemnitz.de/FabLab_Chemnitz/mightyscape-1.2/src/branch/master/extensions/fablabchemnitz/group_to_layer",
    "fork_url": "http://www.pernsteiner.org/inkscape/group_to_layer/",
    "documentation_url": "https://y.stadtfabrikanten.org/group-to-layer",
    "inkscape_gallery_url": null,
    "contributors": [
      "pernsteiner.org/Stuart Pernsteiner",
      "github.com/eridur-de"
    ]
  }
]