[
  {
    "name": "<various>",
    "id": "fablabchemnitz.de.raytracing.<various>",
    "path": "raytracing",
    "dependent_extensions": null,
    "original_name": "<various>",
    "original_id": "damienBloch/inkscape-raytracing/<various>",
    "license": "GNU GPL v3",
    "license_url": "https://github.com/damienBloch/inkscape-raytracing/blob/master/LICENSE",
    "comment": "",
    "source_url": "https://gitea.fablabchemnitz.de/FabLab_Chemnitz/mightyscape-1.2/src/branch/master/extensions/fablabchemnitz/raytracing",
    "fork_url": "https://github.com/damienBloch/inkscape-raytracing",
    "documentation_url": "https://y.stadtfabrikanten.org/ray-tracing",
    "inkscape_gallery_url": null,
    "contributors": [
      "github.com/damienBloch",
      "github.com/eridur-de"
    ]
  }
]