[
  {
    "name": "Isometric Projection",
    "id": "fablabchemnitz.de.isometric_projection",
    "path": "isometric_projection",
    "dependent_extensions": null,
    "original_name": "Isometric Projection",
    "original_id": "nl.jeroenhoek.inkscape.filter.isometric_projection_tool",
    "license": "GNU GPL v3",
    "license_url": "https://github.com/jdhoek/inkscape-isometric-projection/blob/master/LICENSE",
    "comment": "",
    "source_url": "https://gitea.fablabchemnitz.de/FabLab_Chemnitz/mightyscape-1.2/src/branch/master/extensions/fablabchemnitz/isometric_projection",
    "fork_url": "https://github.com/jdhoek/inkscape-isometric-projection",
    "documentation_url": "https://stadtfabrikanten.org/display/IFM/Isometric+Projection",
    "inkscape_gallery_url": null,
    "contributors": [
      "github.com/jdhoek",
      "github.com/eridur-de"
    ]
  }
]