[
  {
    "name": "Pixels To Objects",
    "id": "fablabchemnitz.de.pixels2objects",
    "path": "pixels2objects",
    "dependent_extensions": null,
    "original_name": "Pixels To Objects",
    "original_id": "org.pakin.filter.pixels2objects",
    "license": "GNU GPL v3",
    "license_url": "https://inkscape.org/~pakin/%E2%98%85pixels-to-objects",
    "comment": "",
    "source_url": "https://gitea.fablabchemnitz.de/FabLab_Chemnitz/mightyscape-1.2/src/branch/master/extensions/fablabchemnitz/pixels2objects",
    "fork_url": "https://inkscape.org/~pakin/%E2%98%85pixels-to-objects",
    "documentation_url": "https://stadtfabrikanten.org/display/IFM/Pixels+To+Objects",
    "inkscape_gallery_url": null,
    "contributors": [
      "inkscape.org/pakin",
      "github.com/eridur-de"
    ]
  }
]