[
  {
    "name": "Zigzag Nodes",
    "id": "fablabchemnitz.de.zigzag_nodes",
    "path": "zigzag_nodes",
    "dependent_extensions": null,
    "original_name": "<unknown>",
    "original_id": "<unknown>",
    "license": "GNU GPL v2",
    "license_url": "http://dp48069596.lolipop.jp/sd/scripts/script_inkscape/zigzag.zip",
    "comment": "ported to Inkscape v1 by Mario Voigt",
    "source_url": "https://gitea.fablabchemnitz.de/FabLab_Chemnitz/mightyscape-1.2/src/branch/master/extensions/fablabchemnitz/zigzag_nodes",
    "fork_url": "http://dp48069596.lolipop.jp/sd/scripts/script_inkscape/zigzag.zip",
    "documentation_url": "https://stadtfabrikanten.org/display/IFM/Zigzag+Nodes",
    "inkscape_gallery_url": null,
    "contributors": [
      "Sunabe Kazumichi",
      "github.com/eridur-de"
    ]
  }
]
