[
  {
    "name": "SpiroGraph",
    "id": "fablabchemnitz.de.spirograph",
    "path": "spirograph",
    "dependent_extensions": null,
    "original_name": "SpiroGraph",
    "original_id": "fsmMLK.spiroGraph",
    "license": "GNU GPL v3",
    "license_url": "https://github.com/fsmMLK/inkscapeSpirograph/blob/main/LICENSE",
    "comment": "",
    "source_url": "https://gitea.fablabchemnitz.de/FabLab_Chemnitz/mightyscape-1.2/src/branch/master/extensions/fablabchemnitz/spirograph",
    "fork_url": "https://github.com/fsmMLK/inkscapeSpirograph",
    "documentation_url": "https://stadtfabrikanten.org/display/IFM/SpiroGraph",
    "inkscape_gallery_url": null,
    "contributors": [
      "github.com/fsmMLK",
      "github.com/eridur-de"
    ]
  }
]