[
  {
    "name": "Grey To MonoAlpha",
    "id": "fablabchemnitz.de.grey_to_monoalpha",
    "path": "grey_to_monoalpha",
    "dependent_extensions": null,
    "original_name": "Grey to MonoAlpha",
    "original_id": "org.inkscape.grey_to_monoalpha",
    "license": "GNU GPL v3",
    "license_url": "https://gitlab.com/inklinea/grey-to-mono-alpha/-/blob/main/LICENSE",
    "comment": "",
    "source_url": "https://gitea.fablabchemnitz.de/FabLab_Chemnitz/mightyscape-1.2/src/branch/master/extensions/fablabchemnitz/grey_to_monoalpha",
    "fork_url": "https://gitlab.com/inklinea/grey-to-mono-alpha",
    "documentation_url": "https://stadtfabrikanten.org/display/IFM/Grey+to+MonoAlpha",
    "inkscape_gallery_url": null,
    "contributors": [
      "gitlab.com/inklinea",
      "github.com/eridur-de"
    ]
  }
]