[
  {
    "name": "Box Maker - Mehr Boxes",
    "id": "fablabchemnitz.de.box_maker_mehr_boxes",
    "path": "box_maker_mehr_boxes",
    "dependent_extensions": null,
    "original_name": "Mehr Box Maker",
    "original_id": "de.mehr.laser.mehr_box_maker",
    "license": "GNU GPL v3",
    "license_url": "https://github.com/ThoreMehr/Mehr_BoxMaker/blob/master/LICENSE",
    "comment": "",
    "source_url": "https://gitea.fablabchemnitz.de/FabLab_Chemnitz/mightyscape-1.2/src/branch/master/extensions/fablabchemnitz/box_maker_mehr_boxes",
    "fork_url": "https://github.com/ThoreMehr/Mehr_BoxMaker",
    "documentation_url": "https://y.stadtfabrikanten.org/box-maker-mehr-boxes",
    "inkscape_gallery_url": null,
    "contributors": [
      "github.com/ThoreMehr",
      "github.com/eridur-de"
    ]
  }
]