[
  {
    "name": "Estucheria - <various>",
    "id": "fablabchemnitz.de.estucheria.<various>",
    "path": "estucheria",
    "dependent_extensions": null,
    "original_name": "<various>",
    "original_id": "org.inkscape.estucheria.<various>",
    "license": "GNU GPL v3",
    "license_url": "https://gitlab.com/aljurado/packaging-inkscape-extensions/-/blob/master/LICENSE",
    "comment": "",
    "source_url": "https://gitea.fablabchemnitz.de/FabLab_Chemnitz/mightyscape-1.2/src/branch/master/extensions/fablabchemnitz/estucheria",
    "fork_url": "https://gitlab.com/aljurado/packaging-inkscape-extensions",
    "documentation_url": "https://stadtfabrikanten.org/display/IFM/Estucheria",
    "inkscape_gallery_url": null,
    "contributors": [
      "gitlab.com/aljurado",
      "github.com/eridur-de"
    ]
  }
]