[
  {
    "name": "Round Corners (Replaced by LPE)",
    "id": "fablabchemnitz.de.round_corners",
    "path": "round_corners",
    "dependent_extensions": null,
    "original_name": "Round Corners",
    "original_id": "org.inkscape.jnweiger.round_corners",
    "license": "GNU GPL v2",
    "license_url": "https://github.com/jnweiger/inkscape-round-corners/blob/main/LICENSE",
    "comment": "You can do nearly the same with Live Path Effect!",
    "source_url": "https://gitea.fablabchemnitz.de/FabLab_Chemnitz/mightyscape-1.2/src/branch/master/extensions/fablabchemnitz/round_corners",
    "fork_url": "https://github.com/jnweiger/inkscape-round-corners",
    "documentation_url": "https://y.stadtfabrikanten.org/round-corners",
    "inkscape_gallery_url": null,
    "contributors": [
      "github.com/jnweiger",
      "github.com/eridur-de"
    ]
  }
]