[
  {
    "name": "Flip",
    "id": "fablabchemnitz.de.flip",
    "path": "flip",
    "dependent_extensions": null,
    "original_name": "Flip",
    "original_id": "aconz2.Flip",
    "license": "Unlicense License",
    "license_url": "https://github.com/aconz2/inkscape-extension-flip/blob/main/UNLICENSE",
    "comment": "",
    "source_url": "https://gitea.fablabchemnitz.de/FabLab_Chemnitz/mightyscape-1.2/src/branch/master/extensions/fablabchemnitz/flip",
    "fork_url": "https://github.com/aconz2/inkscape-extension-flip",
    "documentation_url": "https://stadtfabrikanten.org/display/IFM/Flip",
    "inkscape_gallery_url": null,
    "contributors": [
      "github.com/aconz2",
      "github.com/eridur-de"
    ]
  }
]