[
  {
    "name": "Sundial Declining",
    "id": "fablabchemnitz.de.sundial_declining",
    "path": "sundial_declining",
    "dependent_extensions": null,
    "original_name": "Sundial",
    "original_id": "fr.electropol.tableausimple.inkscape",
    "license": "Public Domain",
    "license_url": "https://inkscape.org/de/~TomasUrban/%E2%98%85sundial-declining",
    "comment": "ported to Inkscape v1 by Mario Voigt",
    "source_url": "https://gitea.fablabchemnitz.de/FabLab_Chemnitz/mightyscape-1.2/src/branch/master/extensions/fablabchemnitz/sundial_declining",
    "fork_url": "https://inkscape.org/de/~TomasUrban/%E2%98%85sundial-declining",
    "documentation_url": "https://y.stadtfabrikanten.org/sudoku",
    "inkscape_gallery_url": null,
    "contributors": [
      "inkscape.org/TomasUrban",
      "github.com/eridur-de"
    ]
  }
]