[
  {
    "name": "<various>",
    "id": "fablabchemnitz.de.table_<various>",
    "path": "table_support",
    "dependent_extensions": null,
    "original_name": "<various>",
    "original_id": "org.greygreen.inkscape.effects.table_<various>",
    "license": "GNU GPL v2",
    "license_url": "https://sourceforge.net/projects/inkscape-tables/files/inkscape-table-1.0.tar.gz/download",
    "comment": "ported to Inkscape v1 by Mario Voigt",
    "source_url": "https://gitea.fablabchemnitz.de/FabLab_Chemnitz/mightyscape-1.2/src/branch/master/extensions/fablabchemnitz/table_support",
    "fork_url": "https://sourceforge.net/projects/inkscape-tables",
    "documentation_url": "https://y.stadtfabrikanten.org/optimized-with-svgo-svg",
    "inkscape_gallery_url": null,
    "contributors": [
      "sourceforge.net/lixapopescu",
      "github.com/eridur-de"
    ]
  }
]