[
  {
    "name": "Unwind Paths",
    "id": "fablabchemnitz.de.unwind_paths",
    "path": "unwind_paths",
    "dependent_extensions": null,
    "original_name": "Unwind Paths",
    "original_id": "fablabchemnitz.de.unwind_paths",
    "license": "GNU GPL v3",
    "license_url": "https://gitea.fablabchemnitz.de/FabLab_Chemnitz/mightyscape-1.2/src/branch/master/LICENSE",
    "comment": "Created by Mario Voigt",
    "source_url": "https://gitea.fablabchemnitz.de/FabLab_Chemnitz/mightyscape-1.2/src/branch/master/extensions/fablabchemnitz/unwind_paths",
    "fork_url": null,
    "documentation_url": "https://y.stadtfabrikanten.org/unwindpaths",
    "inkscape_gallery_url": "https://inkscape.org/de/~MarioVoigt/%E2%98%85unwind-paths",
    "contributors": [
      "github.com/eridur-de"
    ]
  }
]