[
  {
    "name": "Delaunay Triangulation",
    "id": "fablabchemnitz.de.delaunay_triangulation",
    "path": "delaunay_triangulation",
    "dependent_extensions": null,
    "original_name": "Delaunay Triangulation",
    "original_id": "org.pakin.filter.delaunay",
    "license": "GNU GPL v3",
    "license_url": "https://inkscape.org/~pakin/%E2%98%85delaunay-triangulation",
    "comment": "",
    "source_url": "https://gitea.fablabchemnitz.de/FabLab_Chemnitz/mightyscape-1.2/src/branch/master/extensions/fablabchemnitz/delaunay_triangulation",
    "fork_url": "https://inkscape.org/~pakin/%E2%98%85delaunay-triangulation",
    "documentation_url": "https://y.stadtfabrikanten.org/delaunay-triangulation",
    "inkscape_gallery_url": null,
    "contributors": [
      "inkscape.org/pakin",
      "github.com/eridur-de"
    ]
  }
]