[
  {
    "name": "Dimensioning (Replaced by LPE)",
    "id": "fablabchemnitz.de.dimensioning",
    "path": "dimensioning",
    "dependent_extensions": null,
    "original_name": "Dimensioning",
    "original_id": "dimensioning",
    "license": "GNU GPL v3",
    "license_url": "https://github.com/Rutzmoser/inkscape_dimensioning/blob/master/LICENSE",
    "comment": "",
    "source_url": "https://gitea.fablabchemnitz.de/FabLab_Chemnitz/mightyscape-1.2/src/branch/master/extensions/fablabchemnitz/dimensioning",
    "fork_url": "https://github.com/Rutzmoser/inkscape_dimensioning",
    "documentation_url": "https://stadtfabrikanten.org/pages/viewpage.action?pageId=55018389",
    "inkscape_gallery_url": null,
    "contributors": [
      "github.com/Rutzmoser",
      "github.com/eridur-de"
    ]
  }
]