[
  {
    "name": "Random Delete",
    "id": "fablabchemnitz.de.random_delete",
    "path": "random_delete",
    "dependent_extensions": null,
    "original_name": "Random Delete",
    "original_id": "fablabchemnitz.de.random_delete",
    "license": "GNU GPL v3",
    "license_url": "https://gitea.fablabchemnitz.de/FabLab_Chemnitz/mightyscape-1.2/src/branch/master/LICENSE",
    "comment": "Written by Mario Voigt",
    "source_url": "https://gitea.fablabchemnitz.de/FabLab_Chemnitz/mightyscape-1.2/src/branch/master/extensions/fablabchemnitz/random_delete",
    "fork_url": null,
    "documentation_url": "https://y.stadtfabrikanten.org/random-delete",
    "inkscape_gallery_url": null,
    "contributors": [
      "github.com/eridur-de"
    ]
  }
]