[
  {
    "name": "Primitive (Michael Fogleman)",
    "id": "fablabchemnitz.de.primitive",
    "path": "primitive",
    "dependent_extensions": null,
    "original_name": "Primitive (Michael Fogleman)",
    "original_id": "fablabchemnitz.de.primitive",
    "license": "GNU GPL v3",
    "license_url": "https://gitea.fablabchemnitz.de/FabLab_Chemnitz/mightyscape-1.2/src/branch/master/LICENSE",
    "comment": "",
    "source_url": "https://gitea.fablabchemnitz.de/FabLab_Chemnitz/mightyscape-1.2/src/branch/master/extensions/fablabchemnitz/primitive",
    "fork_url": "https://github.com/fogleman/primitive",
    "documentation_url": "https://y.stadtfabrikanten.org/primitive",
    "inkscape_gallery_url": "https://inkscape.org/~MarioVoigt/%E2%98%85primitive-for-inkscape",
    "contributors": [
      "github.com/eridur-de"
    ]
  }
]