[
  {
    "name": "Open In Roland CutStudio",
    "id": "fablabchemnitz.de.open_in_roland_cutstudio",
    "path": "open_in_roland_cutstudio",
    "dependent_extensions": null,
    "original_name": "Open in CutStudio",
    "original_id": "roland_custudio.export",
    "license": "GNU GPL v2",
    "license_url": "https://github.com/mgmax/inkscape-roland-cutstudio/blob/master/roland_cutstudio.py",
    "comment": "",
    "source_url": "https://gitea.fablabchemnitz.de/FabLab_Chemnitz/mightyscape-1.2/src/branch/master/extensions/fablabchemnitz/open_in_roland_cutstudio",
    "fork_url": "https://github.com/mgmax/inkscape-roland-cutstudio",
    "documentation_url": "https://y.stadtfabrikanten.org/open-in-roland-cutstudio",
    "inkscape_gallery_url": null,
    "contributors": [
      "github.com/mgmax",
      "github.com/eridur-de"
    ]
  }
]