[
  {
    "name": "Photoshop PSD Export",
    "id": "fablabchemnitz.de.psd_export",
    "path": "psd_export",
    "dependent_extensions": null,
    "original_name": "GIMP PSD",
    "original_id": "org.ekips.output.gimp_psd",
    "license": "GNU GPL v2",
    "license_url": "https://github.com/junichi11/gimp_psd/blob/master/gimp_psd.py",
    "comment": "",
    "source_url": "https://gitea.fablabchemnitz.de/FabLab_Chemnitz/mightyscape-1.2/src/branch/master/extensions/fablabchemnitz/psd_export",
    "fork_url": "https://github.com/junichi11/gimp_psd",
    "documentation_url": "https://stadtfabrikanten.org/pages/viewpage.action?pageId=120525412",
    "inkscape_gallery_url": null,
    "contributors": [
      "github.com/junichi11",
      "github.com/eridur-de"
    ]
  }
]