[
  {
    "name": "Edit Attributes",
    "id": "fablabchemnitz.de.edit_attributes",
    "path": "edit_attributes",
    "dependent_extensions": null,
    "original_name": "Edit Attributes",
    "original_id": "com.mathem.attrib_editor",
    "license": "GNU LGPL v2",
    "license_url": "https://inkscape.org/~MatheM/%E2%98%85simple-attribute-editor+1",
    "comment": "",
    "source_url": "https://gitea.fablabchemnitz.de/FabLab_Chemnitz/mightyscape-1.2/src/branch/master/extensions/fablabchemnitz/edit_attributes",
    "fork_url": "https://inkscape.org/~MatheM/%E2%98%85simple-attribute-editor+1",
    "documentation_url": "https://stadtfabrikanten.org/display/IFM/Edit+Attributes",
    "inkscape_gallery_url": null,
    "contributors": [
      "inkscape.org/MatheM",
      "github.com/eridur-de"
    ]
  }
]