[
  {
    "name": "About/Upgrade MightyScape",
    "id": "fablabchemnitz.de.about_upgrade_mightyscape",
    "path": "about_upgrade_mightyscape",
    "dependent_extensions": null,
    "original_name": "About/Upgrade MightyScape",
    "original_id": "fablabchemnitz.de.about_upgrade_mightyscape",
    "license": "GNU GPL v3",
    "license_url": "https://gitea.fablabchemnitz.de/FabLab_Chemnitz/mightyscape-1.2/src/branch/master/LICENSE",
    "comment": "",
    "source_url": "https://gitea.fablabchemnitz.de/FabLab_Chemnitz/mightyscape-1.2/src/branch/master/extensions/fablabchemnitz/about_upgrade_mightyscape",
    "fork_url": null,
    "documentation_url": "https://y.stadtfabrikanten.org/mightyscape-about-upgrade",
    "inkscape_gallery_url": null,
    "contributors": [
      "github.com/eridur-de"
    ]
  }
]