[
  {
    "name": "Open Closed Path",
    "id": "fablabchemnitz.de.open_closed_path",
    "path": "open_closed_path",
    "dependent_extensions": null,
    "original_name": "Open closed Path",
    "original_id": "EllenWasbo.cutlings.OpenClosedPath",
    "license": "GNU GPL v2",
    "license_url": "https://gitlab.com/EllenWasbo/inkscape-extension-openpaths/-/blob/master/openClosedPath.py",
    "comment": "",
    "source_url": "https://gitea.fablabchemnitz.de/FabLab_Chemnitz/mightyscape-1.2/src/branch/master/extensions/fablabchemnitz/open_closed_path",
    "fork_url": "https://gitlab.com/EllenWasbo/inkscape-extension-openpaths",
    "documentation_url": "https://y.stadtfabrikanten.org/open-closed-path",
    "inkscape_gallery_url": null,
    "contributors": [
      "gitlab.com/EllenWasbo",
      "github.com/eridur-de"
    ]
  }
]