[
  {
    "name": "Checkerboard",
    "id": "fablabchemnitz.de.checkerboard",
    "path": "checkerboard",
    "dependent_extensions": null,
    "original_name": "Checkerboard",
    "original_id": "org.jeffkayser.checkerboard",
    "license": "GNU GPL v2",
    "license_url": "https://github.com/jeffkayser/inkscape-checkerboard/blob/master/LICENSE",
    "comment": "ported to Inkscape v1 by Mario Voigt",
    "source_url": "https://gitea.fablabchemnitz.de/FabLab_Chemnitz/mightyscape-1.2/src/branch/master/extensions/fablabchemnitz/checkerboard",
    "fork_url": "https://github.com/jeffkayser/inkscape-checkerboard",
    "documentation_url": "https://stadtfabrikanten.org/display/IFM/Checkerboard",
    "inkscape_gallery_url": null,
    "contributors": [
      "github.com/jeffkayser",
      "github.com/eridur-de"
    ]
  }
]