[
  {
    "name": "Bounding Box",
    "id": "fablabchemnitz.de.bounding_box",
    "path": "bounding_box",
    "dependent_extensions": null,
    "original_name": "Bounding Box",
    "original_id": "fablabchemnitz.de.bounding_box",
    "license": "GNU GPL v3",
    "license_url": "https://gitea.fablabchemnitz.de/FabLab_Chemnitz/mightyscape-1.2/src/branch/master/LICENSE",
    "comment": "",
    "source_url": "https://gitea.fablabchemnitz.de/FabLab_Chemnitz/mightyscape-1.2/src/branch/master/extensions/fablabchemnitz/bounding_box",
    "fork_url": null,
    "documentation_url": "https://y.stadtfabrikanten.org/bounding-box",
    "inkscape_gallery_url": null,
    "contributors": [
      "github.com/eridur-de"
    ]
  }
]