[
  {
    "name": "FreeCAD Sketch Export",
    "id": "fablabchemnitz.de.svg2fcsketch",
    "path": "svg2fcsketch",
    "dependent_extensions": null,
    "original_name": "FreeCAD sketch Export v0.8",
    "original_id": "com.github.jnweiger.inkscape-svg2fcsketch",
    "license": "GNU LGPL v2.1",
    "license_url": "https://github.com/jnweiger/inkscape-svg2fcsketch/blob/master/LICENSE",
    "comment": "",
    "source_url": "https://gitea.fablabchemnitz.de/FabLab_Chemnitz/mightyscape-1.2/src/branch/master/extensions/fablabchemnitz/svg2fcsketch",
    "fork_url": "https://github.com/jnweiger/inkscape-svg2fcsketch",
    "documentation_url": "https://stadtfabrikanten.org/display/IFM/FreeCAD+Sketch+Export",
    "inkscape_gallery_url": null,
    "contributors": [
      "github.com/jnweiger",
      "github.com/eridur-de"
    ]
  }
]