[
  {
    "name": "Animate Order",
    "id": "fablabchemnitz.de.animate_order",
    "path": "animate_order",
    "dependent_extensions": null,
    "original_name": "Animate Order",
    "original_id": "fablabchemnitz.de.animate_order",
    "license": "GNU GPL v3",
    "license_url": "https://gitea.fablabchemnitz.de/FabLab_Chemnitz/mightyscape-1.2/src/branch/master/LICENSE",
    "comment": "Written by Mario Voigt",
    "source_url": "https://gitea.fablabchemnitz.de/FabLab_Chemnitz/mightyscape-1.2/src/branch/master/extensions/fablabchemnitz/animate_order",
    "fork_url": null,
    "documentation_url": "https://stadtfabrikanten.org/display/IFM/Animate+Order",
    "inkscape_gallery_url": "https://inkscape.org/~MarioVoigt/%E2%98%85animate-order",
    "contributors": [
      "github.com/eridur-de"
    ]
  }
]