[
  {
    "name": "AI compatible EPS output",
    "id": "fablabchemnitz.de.ai_compatible_eps_output",
    "path": "ai_compatible_eps_output",
    "dependent_extensions": null,
    "original_name": "AI compatible EPS output",
    "original_id": "org.inkscape.output.ai_eps",
    "license": "MIT License",
    "license_url": "https://github.com/tzunghaor/inkscape-eps-export/blob/master/aieps_output.py",
    "comment": "",
    "source_url": "https://gitea.fablabchemnitz.de/FabLab_Chemnitz/mightyscape-1.2/src/branch/master/extensions/fablabchemnitz/ai_compatible_eps_output",
    "fork_url": "https://github.com/tzunghaor/inkscape-eps-export",
    "documentation_url": "https://stadtfabrikanten.org/pages/viewpage.action?pageId=55018922&searchId=UF0RDT9E0",
    "inkscape_gallery_url": null,
    "contributors": [
      "github.com/tzunghaor",
      "github.com/eridur-de"
    ]
  }
]