[
  {
    "name": "Triangle",
    "id": "fablabchemnitz.de.triangle",
    "path": "triangle",
    "dependent_extensions": null,
    "original_name": "Triangle",
    "original_id": "math.triangle",
    "license": "GNU GPL v2",
    "license_url": "https://gitlab.com/inkscape/extensions/-/blob/master/LICENSE.txt",
    "comment": "",
    "source_url": "https://gitea.fablabchemnitz.de/FabLab_Chemnitz/mightyscape-1.2/src/branch/master/extensions/fablabchemnitz/triangle",
    "fork_url": "https://gitlab.com/inkscape/extensions/",
    "documentation_url": "https://y.stadtfabrikanten.org/triangle",
    "inkscape_gallery_url": null,
    "contributors": [
      "John Beard:john.j.beard@gmail.com",
      "github.com/eridur-de"
    ]
  }
]