[
  {
    "name": "Optimize Sequence: Small Holes First",
    "id": "fablabchemnitz.de.optimize_sequence_lasercut_sequence",
    "path": "optimize_sequence_lasercut_sequence",
    "dependent_extensions": null,
    "original_name": "Fix cutting sequence",
    "original_id": "L0laapk3.filter.lasercut_sequence",
    "license": "GNU AGPL v3",
    "license_url": "https://github.com/L0laapk3/inkscape-laser-sequence-extension/blob/master/LICENSE",
    "comment": "ported to Inkscape v1 by Mario Voigt",
    "source_url": "https://gitea.fablabchemnitz.de/FabLab_Chemnitz/mightyscape-1.2/src/branch/master/extensions/fablabchemnitz/optimize_sequence_lasercut_sequence",
    "fork_url": "https://github.com/L0laapk3/inkscape-laser-sequence-extension",
    "documentation_url": "https://y.stadtfabrikanten.org/optimize-sequence-small-holes-first",
    "inkscape_gallery_url": null,
    "contributors": [
      "github.com/L0laapk3",
      "github.com/eridur-de"
    ]
  }
]