[
  {
    "name": "Batch Task",
    "id": "fablabchemnitz.de.batch_task",
    "path": "batch_task",
    "dependent_extensions": null,
    "original_name": "BatchTask",
    "original_id": "org.inkscape.batch_task",
    "license": "MIT License",
    "license_url": "https://github.com/heyzec/Inkscape-Extensions/blob/main/LICENSE",
    "comment": "",
    "source_url": "https://gitea.fablabchemnitz.de/FabLab_Chemnitz/mightyscape-1.2/src/branch/master/extensions/fablabchemnitz/batch_task",
    "fork_url": "https://github.com/heyzec/Inkscape-Extensions/",
    "documentation_url": "https://stadtfabrikanten.org/display/IFM/Batch+Task",
    "inkscape_gallery_url": null,
    "contributors": [
      "github.com/heyzec",
      "github.com/eridur-de"
    ]
  }
]