[
  {
    "name": "Ids To Text",
    "id": "fablabchemnitz.de.ids_to_text",
    "path": "ids_to_text",
    "dependent_extensions": null,
    "original_name": "Ids To Text",
    "original_id": "org.inkscape.render.ids_to_text",
    "license": "GNU GPL v3",
    "license_url": "https://github.com/whiplashoo/ids_to_text_inkscape/blob/master/LICENSE",
    "comment": "",
    "source_url": "https://gitea.fablabchemnitz.de/FabLab_Chemnitz/mightyscape-1.2/src/branch/master/extensions/fablabchemnitz/ids_to_text",
    "fork_url": "https://github.com/whiplashoo/ids_to_text_inkscape",
    "documentation_url": "https://y.stadtfabrikanten.org/ids-to-text",
    "inkscape_gallery_url": null,
    "contributors": [
      "github.com/whiplashoo",
      "github.com/eridur-de"
    ]
  }
]