[
  {
    "name": "GCode Import <various>",
    "id": "fablabchemnitz.de.gcode_import",
    "path": "gcode_import.<various>",
    "dependent_extensions": null,
    "original_name": "<various>",
    "original_id": "com.ClayJar.GCodeImport.<various>",
    "license": "GNU GPL v2",
    "license_url": "https://github.com/ClayJarCom/ImportGCode/blob/master/LICENSE",
    "comment": "",
    "source_url": "https://gitea.fablabchemnitz.de/FabLab_Chemnitz/mightyscape-1.2/src/branch/master/extensions/fablabchemnitz/gcode_import",
    "fork_url": "https://github.com/ClayJarCom/ImportGCode",
    "documentation_url": "https://stadtfabrikanten.org/display/IFM/GCode+Import",
    "inkscape_gallery_url": null,
    "contributors": [
      "github.com/ClayJarCom",
      "github.com/eridur-de"
    ]
  }
]