[
  {
    "name": "Contour Scanner And Trimmer",
    "id": "fablabchemnitz.de.contour_scanner_and_trimmer",
    "path": "contour_scanner_and_trimmer",
    "dependent_extensions": null,
    "original_name": "Contour Scanner And Trimmer",
    "original_id": "fablabchemnitz.de.contour_scanner_and_trimmer",
    "license": "GNU GPL v3",
    "license_url": "https://gitea.fablabchemnitz.de/FabLab_Chemnitz/mightyscape-1.2/src/branch/master/LICENSE",
    "comment": "Written by Mario Voigt from scratch with a lot of help using other extensions as template",
    "source_url": "https://gitea.fablabchemnitz.de/FabLab_Chemnitz/mightyscape-1.2/src/branch/master/extensions/fablabchemnitz/contour_scanner_and_trimmer",
    "fork_url": null,
    "documentation_url": "https://stadtfabrikanten.org/display/IFM/Contour+Scanner+And+Trimmer",
    "inkscape_gallery_url": "https://inkscape.org/de/~MarioVoigt/%E2%98%85contour-scanner-and-trimmer",
    "contributors": [
      "github.com/eridur-de"
    ]
  }
]