[
  {
    "name": "Cutting Optimizer (Nesting)",
    "id": "fablabchemnitz.de.cutting_optimizer",
    "path": "cutting_optimizer",
    "dependent_extensions": null,
    "original_name": "Laser Cutting Optmizer",
    "original_id": "fr.fablab-lannion.inkscape.cutopimiser",
    "license": "MIT License",
    "license_url": "https://github.com/thierry7100/CutOptim/blob/master/LICENSE",
    "comment": "",
    "source_url": "https://gitea.fablabchemnitz.de/FabLab_Chemnitz/mightyscape-1.2/src/branch/master/extensions/fablabchemnitz/cutting_optimizer",
    "fork_url": "https://github.com/thierry7100/CutOptim",
    "documentation_url": "https://stadtfabrikanten.org/pages/viewpage.action?pageId=55018148",
    "inkscape_gallery_url": null,
    "contributors": [
      "github.com/thierry7100",
      "github.com/eridur-de"
    ]
  }
]