[
  {
    "name": "Shapes",
    "id": "fablabchemnitz.de.shapes",
    "path": "shapes",
    "dependent_extensions": null,
    "original_name": "Shapes for 1.0",
    "original_id": "org.inkscape.effect.shapes1",
    "license": "GNU GPL v2",
    "license_url": "https://www.arakne.es/inkscape-shapes-nueva-version-compatible-con-inkscape-1-2",
    "comment": "",
    "source_url": "https://gitea.fablabchemnitz.de/FabLab_Chemnitz/mightyscape-1.2/src/branch/master/extensions/fablabchemnitz/shapes",
    "fork_url": "https://www.arakne.es/inkscape-shapes-nueva-version-compatible-con-inkscape-1-2",
    "documentation_url": "https://y.stadtfabrikanten.org/shapes",
    "inkscape_gallery_url": null,
    "contributors": [
      "inkscape.org/pacogarcia",
      "github.com/eridur-de"
    ]
  }
]