[
  {
    "name": "Imagetracer.js",
    "id": "fablabchemnitz.de.imagetracerjs",
    "path": "imagetracerjs",
    "dependent_extensions": null,
    "original_name": "Imagetracer.js",
    "original_id": "fablabchemnitz.de.imagetracerjs",
    "license": "GNU GPL v3",
    "license_url": "https://gitea.fablabchemnitz.de/FabLab_Chemnitz/mightyscape-1.2/src/branch/master/LICENSE",
    "comment": "written by Mario Voigt",
    "source_url": "https://gitea.fablabchemnitz.de/FabLab_Chemnitz/mightyscape-1.2/src/branch/master/extensions/fablabchemnitz/imagetracerjs",
    "fork_url": null,
    "documentation_url": "https://y.stadtfabrikanten.org/imagetracerjs",
    "inkscape_gallery_url": "https://inkscape.org/~MarioVoigt/%E2%98%85imagetracerjs-for-inkscape",
    "contributors": [
      "github.com/jankovicsandras",
      "github.com/eridur-de"
    ]
  }
]