[
  {
    "name": "Box Maker - Generic Generator",
    "id": "fablabchemnitz.de.box_maker_generic_generator",
    "path": "box_maker_generic_generator",
    "dependent_extensions": null,
    "original_name": "boxes generator",
    "original_id": "fr.fablab-lannion.inkscape.gen_box",
    "license": "GNU GPL v2",
    "license_url": "https://github.com/thierry7100/GenBox/blob/master/LICENSE.md",
    "comment": "",
    "source_url": "https://gitea.fablabchemnitz.de/FabLab_Chemnitz/mightyscape-1.2/src/branch/master/extensions/fablabchemnitz/box_maker_generic_generator",
    "fork_url": "https://github.com/thierry7100/GenBox",
    "documentation_url": "https://y.stadtfabrikanten.org/box-maker-generic-generator",
    "inkscape_gallery_url": null,
    "contributors": [
      "github.com/thierry7100",
      "github.com/eridur-de"
    ]
  }
]