[
  {
    "name": "X-Agram",
    "id": "fablabchemnitz.de.x_agram",
    "path": "x_agram",
    "dependent_extensions": null,
    "original_name": "X-agram",
    "original_id": "com.kacmarcik.pathmonkey.x-agram",
    "license": "MIT License",
    "license_url": "https://github.com/garykac/pathmonkey/blob/master/LICENSE",
    "comment": "ported to Inkscape v1 manually by Mario Voigt",
    "source_url": "https://gitea.fablabchemnitz.de/FabLab_Chemnitz/mightyscape-1.2/src/branch/master/extensions/fablabchemnitz/x_agram",
    "fork_url": "https://github.com/garykac/pathmonkey",
    "documentation_url": "https://y.stadtfabrikanten.org/x-agram",
    "inkscape_gallery_url": null,
    "contributors": [
      "github.com/garykac",
      "github.com/eridur-de"
    ]
  }
]