[
  {
    "name": "OCR (Image To Text)",
    "id": "fablabchemnitz.de.ocr",
    "path": "ocr",
    "dependent_extensions": null,
    "original_name": "Image To Text",
    "original_id": "org.inkscape.ocr",
    "license": "Apache-2.0 License",
    "license_url": "https://github.com/amal-san/inkscape-ocr/blob/main/LICENSE",
    "comment": "",
    "source_url": "https://gitea.fablabchemnitz.de/FabLab_Chemnitz/mightyscape-1.2/src/branch/master/extensions/fablabchemnitz/ocr",
    "fork_url": "https://github.com/amal-san/inkscape-ocr",
    "documentation_url": "https://y.stadtfabrikanten.org/ocr-image-to-text",
    "inkscape_gallery_url": null,
    "contributors": [
      "github.com/eridur-de"
    ]
  }
]