[
  {
    "name": "Papercraft Unfold",
    "id": "fablabchemnitz.de.papercraft_unfold",
    "path": "papercraft_unfold",
    "dependent_extensions": null,
    "original_name": "Papercraft Unfold",
    "original_id": "fablabchemnitz.de.papercraft_unfold",
    "license": "GNU GPL v3",
    "license_url": "https://gitea.fablabchemnitz.de/FabLab_Chemnitz/mightyscape-1.2/src/branch/master/LICENSE",
    "comment": "Written by Mario Voigt, based on https://github.com/osresearch/papercraft",
    "source_url": "https://gitea.fablabchemnitz.de/FabLab_Chemnitz/mightyscape-1.2/src/branch/master/extensions/fablabchemnitz/papercraft_unfold",
    "fork_url": null,
    "documentation_url": "https://y.stadtfabrikanten.org/papercraft-unfold",
    "inkscape_gallery_url": "https://inkscape.org/de/~MarioVoigt/%E2%98%85papercraft-unfold",
    "contributors": [
      "github.com/osresearch",
      "github.com/eridur-de"
    ]
  }
]