[
  {
    "name": "Fill Rectangle With Circles",
    "id": "fablabchemnitz.de.fill_rectangle_with_circles",
    "path": "fill_rectangle_with_circles",
    "dependent_extensions": null,
    "original_name": "Remplir de cercles",
    "original_id": "org.ekips.filter.fill_circle",
    "license": "GNU GPL v3",
    "license_url": "https://github.com/thomas-guzik/inkscape-extension-fillsquarewithcircles/blob/master/LICENSE",
    "comment": "",
    "source_url": "https://gitea.fablabchemnitz.de/FabLab_Chemnitz/mightyscape-1.2/src/branch/master/extensions/fablabchemnitz/fill_rectangle_with_circles",
    "fork_url": "https://github.com/thomas-guzik/inkscape-extension-fillsquarewithcircles",
    "documentation_url": "https://y.stadtfabrikanten.org/fill-rectangle-with-circles",
    "inkscape_gallery_url": null,
    "contributors": [
      "github.com/thomas-guzik", 
      "github.com/eridur-de"
    ]
  }
]