[
  {
    "name": "Stroke Color As Fill",
    "id": "fablabchemnitz.de.stroke_color_as_fill",
    "path": "stroke_color_as_fill",
    "dependent_extensions": null,
    "original_name": "Stroke color as fill",
    "original_id": "com.jabiertxof.strokecolor.as.fill",
    "license": "GNU GPL v3",
    "license_url": "https://inkscape.org/de/~jabiertxof/%E2%98%85stroke-color-as-fill",
    "comment": "ported to Inkscape v1 by Mario Voigt",
    "source_url": "https://gitea.fablabchemnitz.de/FabLab_Chemnitz/mightyscape-1.2/src/branch/master/extensions/fablabchemnitz/stroke_color_as_fill",
    "fork_url": "https://inkscape.org/de/~jabiertxof/%E2%98%85stroke-color-as-fill",
    "documentation_url": "https://y.stadtfabrikanten.org/stroke-color-as-fill",
    "inkscape_gallery_url": null,
    "contributors": [
      "inkscape.org/jabiertxof",
      "github.com/eridur-de"
    ]
  }
]