[
  {
    "name": "Sudoku",
    "id": "fablabchemnitz.de.sudoku",
    "path": "sudoku",
    "dependent_extensions": null,
    "original_name": "Sudoku",
    "original_id": "org.inkscape.render.sudoku",
    "license": "GNU GPL v3",
    "license_url": "https://github.com/neocogent/inkscape-sudoku/blob/master/LICENCE",
    "comment": "ported to Inkscape v1 by Mario Voigt",
    "source_url": "https://gitea.fablabchemnitz.de/FabLab_Chemnitz/mightyscape-1.2/src/branch/master/extensions/fablabchemnitz/sudoku",
    "fork_url": "https://github.com/neocogent/inkscape-sudoku",
    "documentation_url": "https://y.stadtfabrikanten.org/sudoku",
    "inkscape_gallery_url": null,
    "contributors": [
      "github.com/neocogent",
      "github.com/eridur-de"
    ]
  }
]