[
  {
    "name": "Lasercut Jigsaw",
    "id": "fablabchemnitz.de.lasercut_jigsaw",
    "path": "lasercut_jigsaw",
    "dependent_extensions": null,
    "original_name": "Lasercut Jigsaw",
    "original_id": "org.inkscape.LasercutJigsa",
    "license": "GNU GPL v2",
    "license_url": "https://github.com/Neon22/inkscape-jigsaw/blob/master/LICENSE",
    "comment": "",
    "source_url": "https://stadtfabrikanten.org/display/IFM/Lasercut+Jigsaw",
    "fork_url": "https://github.com/Neon22/inkscape-jigsaw",
    "documentation_url": "https://y.stadtfabrikanten.org/lasercut-jigsaw",
    "inkscape_gallery_url": null,
    "contributors": [
      "github.com/Neon22",
      "github.com/jonadem",
      "github.com/speleo3",
      "github.com/LynNor1",
      "github.com/roeschter",
      "github.com/eridur-de"
    ]
  }
]