[
  {
    "name": "<various>",
    "id": "fablabchemnitz.de.vpype_<various>",
    "path": "vpypetools",
    "dependent_extensions": null,
    "original_name": "vpypetools",
    "original_id": "fablabchemnitz.de.vpype_<various>",
    "license": "GNU GPL v3",
    "license_url": "https://gitea.fablabchemnitz.de/FabLab_Chemnitz/mightyscape-1.2/src/branch/master/LICENSE",
    "comment": "Created by Mario Voigt",
    "source_url": "https://gitea.fablabchemnitz.de/FabLab_Chemnitz/mightyscape-1.2/src/branch/master/extensions/fablabchemnitz/vpypetools",
    "fork_url": null,
    "documentation_url": "https://y.stadtfabrikanten.org/vpypetools",
    "inkscape_gallery_url": "https://inkscape.org/de/~MarioVoigt/%E2%98%85vpypetools-vpype-for-inkscape",
    "contributors": [
      "github.com/eridur-de"
    ]
  }
]