[
  {
    "name": "Scale To Size",
    "id": "fablabchemnitz.de.scale_to_size",
    "path": "scale_to_size",
    "dependent_extensions": null,
    "original_name": "Scale To Size",
    "original_id": "fablabchemnitz.de.scale_to_size",
    "license": "GNU GPL v3",
    "license_url": "https://gitea.fablabchemnitz.de/FabLab_Chemnitz/mightyscape-1.2/src/branch/master/LICENSE",
    "comment": "",
    "source_url": "https://gitea.fablabchemnitz.de/FabLab_Chemnitz/mightyscape-1.2/src/branch/master/extensions/fablabchemnitz/scale_to_size",
    "fork_url": null,
    "documentation_url": "https://y.stadtfabrikanten.org/scale-to-size",
    "inkscape_gallery_url": null,
    "contributors": [
      "github.com/eridur-de"
    ]
  }
]