[
  {
    "name": "Origami Pattern - <various>",
    "id": "fablabchemnitz.de.origami_patterns.<various>",
    "path": "origami_patterns",
    "dependent_extensions": null,
    "original_name": "<various>",
    "original_id": "org.inkscape.Origami_patterns.<various>",
    "license": "MIT License",
    "license_url": "https://github.com/evbernardes/Origami_Patterns/blob/master/LICENSE",
    "comment": "",
    "source_url": "https://gitea.fablabchemnitz.de/FabLab_Chemnitz/mightyscape-1.2/src/branch/master/extensions/fablabchemnitz/origami_patterns",
    "fork_url": "https://github.com/evbernardes/Origami_Patterns",
    "documentation_url": "https://stadtfabrikanten.org/display/IFM/Origami+Patterns",
    "inkscape_gallery_url": null,
    "contributors": [
      "github.com/evbernardes",
      "github.com/eridur-de"
    ]
  }
]