<?xml version='1.0' encoding='UTF-8'?>
<!DOCTYPE refentry PUBLIC "-//OASIS//DTD DocBook XML V4.5//EN"
"http://www.oasis-open.org/docbook/xml/4.5/docbookx.dtd" [

<!--

`xsltproc -''-nonet \
          -''-param man.charmap.use.subset "0" \
          -''-param make.year.ranges "1" \
          -''-param make.single.year.ranges "1" \
          /usr/share/xml/docbook/stylesheet/docbook-xsl/manpages/docbook.xsl \
          manpage.xml'

A manual page <package>.<section> will be generated. You may view the
manual page with: nroff -man <package>.<section> | less'. A typical entry
in a Makefile or Makefile.am is:

DB2MAN = /usr/share/sgml/docbook/stylesheet/xsl/docbook-xsl/manpages/docbook.xsl
XP     = xsltproc -''-nonet -''-param man.charmap.use.subset "0"

manpage.1: manpage.xml
        $(XP) $(DB2MAN) $<

The xsltproc binary is found in the xsltproc package. The XSL files are in
docbook-xsl. A description of the parameters you can use can be found in the
docbook-xsl-doc-* packages. Please remember that if you create the nroff
version in one of the debian/rules file targets (such as build), you will need
to include xsltproc and docbook-xsl in your Build-Depends control field.
Alternatively use the xmlto command/package. That will also automatically
pull in xsltproc and docbook-xsl.

Notes for using docbook2x: docbook2x-man does not automatically create the
AUTHOR(S) and COPYRIGHT sections. In this case, please add them manually as
<refsect1> ... </refsect1>.

To disable the automatic creation of the AUTHOR(S) and COPYRIGHT sections
read /usr/share/doc/docbook-xsl/doc/manpages/authors.html. This file can be
found in the docbook-xsl-doc-html package.

Validation can be done using: `xmllint -''-noout -''-valid manpage.xml`

General documentation about man-pages and man-page-formatting:
man(1), man(7), http://www.tldp.org/HOWTO/Man-Page/

-->

  <!-- Fill in your name for FIRSTNAME and SURNAME. -->
  <!ENTITY dhfirstname "Georges">
  <!ENTITY dhsurname   "Khaznadar">
  <!-- dhusername could also be set to "&dhfirstname; &dhsurname;". -->
  <!ENTITY dhusername  "Georges Khaznadar">
  <!ENTITY dhemail     "georgesk@debian.org">
  <!-- SECTION should be 1-8, maybe w/ subsection other parameters are
       allowed: see man(7), man(1) and
       http://www.tldp.org/HOWTO/Man-Page/q2.html. -->
  <!ENTITY dhsection   "1">
  <!-- TITLE should be something like "User commands" or similar (see
       http://www.tldp.org/HOWTO/Man-Page/q2.html). -->
  <!ENTITY dhtitle     "boxes User Manual">
  <!ENTITY dhucpackage "Boxes">
  <!ENTITY dhpackage   "boxes">
]>

<refentry>
  <refentryinfo>
    <title>&dhtitle;</title>
    <productname>&dhpackage;</productname>
    <authorgroup>
      <author>
       <firstname>&dhfirstname;</firstname>
        <surname>&dhsurname;</surname>
        <contrib>Wrote this manpage for the Debian system.</contrib>
        <address>
          <email>&dhemail;</email>
        </address>
      </author>
    </authorgroup>
    <copyright>
      <year>2019</year>
      <holder>&dhusername;</holder>
    </copyright>
    <legalnotice>
      <para>This manual page was written for the Debian system
        (and may be used by others).</para>
      <para>Permission is granted to copy, distribute and/or modify this
        document under the terms of the GNU General Public License,
        Version 2 or (at your option) any later version published by
        the Free Software Foundation.</para>
      <para>On Debian systems, the complete text of the GNU General Public
        License can be found in
        <filename>/usr/share/common-licenses/GPL</filename>.</para>
    </legalnotice>
  </refentryinfo>
  <refmeta>
    <refentrytitle>&dhucpackage;</refentrytitle>
    <manvolnum>&dhsection;</manvolnum>
  </refmeta>
  <refnamediv>
    <refname>&dhpackage;</refname>
    <refpurpose>program design boxes</refpurpose>
  </refnamediv>
  <refsect1 id="description">
    <title>DESCRIPTION</title>
    <para>
      <command>&dhpackage;</command> is a program that generates
      SVG images that can be viewed directly in a web browser but also
      postscript and - with pstoedit as external helper -
      other vector formats including dxf, plt (aka hpgl) and gcode.
    </para>
    <para>
      Of course the library and the generators allow selecting the
      "thickness" of the material used and automatically adjusts lengths and
      width of joining fingers and other elements.
    </para>
    <para>
      The "burn" parameter compensates for the material removed by the
      laser. This allows fine tuning the gaps between joins up to the point
      where plywood can be press fitted even without any glue.
    </para>
    <para>
      inger Joints are the work horse of the library. They allow 90°
      edges and T connections. Their size is scaled up with the material
      "thickness" to maintain the same appearance. The library also allows
      putting holes and slots for screws (bed bolts) into finger joints,
      although this is currently not supported for the included generators.
    </para>
    <para>
      Dovetail joints can be used to join pieces in the same plane.
    </para>
    <para>
      Flex cuts allows bending and stretching the material in one
      direction. This is used for rounded edges and living hinges.
    </para>
  </refsect1>
</refentry>
