[
  {
    "name": "Laser Check",
    "id": "fablabchemnitz.de.laser_check",
    "path": "laser_check",
    "dependent_extensions": null,
    "original_name": "Laser Check",
    "original_id": "fablabchemnitz.de.laser_check",
    "license": "GNU GPL v3",
    "license_url": "",
    "comment": "",
    "source_url": "https://gitea.fablabchemnitz.de/FabLab_Chemnitz/mightyscape-1.2/src/branch/master/extensions/fablabchemnitz/laser_check",
    "fork_url": null,
    "documentation_url": "https://y.stadtfabrikanten.org/laser-check",
    "inkscape_gallery_url": null,
    "contributors": [
      "github.com/eridur-de"
    ]
  }
]