[
  {
    "name": "Line Shading",
    "id": "fablabchemnitz.de.line_shading",
    "path": "line_shading",
    "dependent_extensions": null,
    "original_name": "Endurance Line Shading",
    "original_id": "org.ekips.filter.line_shading",
    "license": "MIT License",
    "license_url": "https://endurancelasers.com/download/Endurance_Line_Shading.rar",
    "comment": "",
    "source_url": "ported to Inkscape v1 manually by Mario Voigt",
    "fork_url": "https://endurancelasers.com/download/Endurance_Line_Shading.rar",
    "documentation_url": "https://y.stadtfabrikanten.org/line-shading",
    "inkscape_gallery_url": null,
    "contributors": [    
      "dnkxyz@gmail.com",
      "gf@endurancerobots.com",
      "github.com/eridur-de"
    ]
  }
]