[
  {
    "name": "Flash Burst",
    "id": "fablabchemnitz.de.flash_burst",
    "path": "flash_burst",
    "dependent_extensions": null,
    "original_name": "FlashBurst",
    "original_id": "hipix.FlashBurst",
    "license": "GNU AGPL v3",
    "license_url": "https://github.com/curiousmaster/hipix_inkscape_extensions/blob/main/LICENSE",
    "comment": "",
    "source_url": "https://gitea.fablabchemnitz.de/FabLab_Chemnitz/mightyscape-1.2/src/branch/master/extensions/fablabchemnitz/flash_burst",
    "fork_url": "https://github.com/curiousmaster/hipix_inkscape_extensions",
    "documentation_url": "https://stadtfabrikanten.org/display/IFM/Flash+Burst",
    "inkscape_gallery_url": null,
    "contributors": [
      "github.com/curiousmaster",
      "github.com/eridur-de"
    ]
  }
]